"device_id","cookie_id"
"id_1010440","id_1167728"
"id_1012457","id_1497798"
"id_1017268","id_1816644"
"id_1017917","id_160596"
"id_1026727","id_1103139"
"id_1032583","id_1088220"
"id_1036092","id_4352582"
"id_1042268","id_362065"
"id_1049622","id_1019372"
"id_1062694","id_1020844"
"id_1063989","id_1362"
"id_1074897","id_2507771"
"id_1076313","id_1019050"
"id_1077562","id_114747"
"id_1080786","id_1168608"
"id_1081513","id_1134301"
"id_1086153","id_2337367"
"id_1091747","id_1137836"
"id_1102285","id_110134"
"id_1103106","id_1137314"
"id_1105896","id_1314098"
"id_1118452","id_1244614"
"id_1118649","id_106914"
"id_1119039","id_3209200"
"id_1135875","id_1244614"
"id_1138258","id_1052127"
"id_1140704","id_1134968"
"id_1144821","id_1977234"
"id_1160814","id_1020685"
"id_1161139","id_1005327"
"id_1189008","id_1052458"
"id_1189670","id_1028166"
"id_119699","id_1037012"
"id_1203516","id_369403"
"id_1204872","id_1169948"
"id_1211915","id_1271159"
"id_1220206","id_1451636"
"id_1220629","id_100602"
"id_1221169","id_1087410"
"id_122216","id_2281479"
"id_1234114","id_1009519"
"id_1254894","id_141498"
"id_1256330","id_1092693"
"id_1256404","id_1168919"
"id_1261715","id_4302553"
"id_1263751","id_1053534"
"id_1273546","id_1362181"
"id_1276366","id_1146979"
"id_1286589","id_148963"
"id_1290179","id_1070077"
"id_1294745","id_1127063"
"id_1308276","id_1595078"
"id_1316266","id_181664"
"id_1318784","id_1017029"
"id_131923","id_1050394"
"id_1320809","id_11947"
"id_1328892","id_1255263"
"id_1352867","id_1074672"
"id_1367991","id_1453587"
"id_1375063","id_1123669"
"id_139831","id_1199593"
"id_1399487","id_4377770"
"id_1400745","id_1013914"
"id_1402479","id_817481"
"id_140609","id_380733"
"id_141231","id_1097791"
"id_1416358","id_1075297"
"id_1418253","id_1262340"
"id_1423610","id_210542"
"id_1434298","id_827116"
"id_1435464","id_1203545"
"id_1441570","id_1193758"
"id_1449438","id_472677"
"id_1457157","id_1287522"
"id_1458287","id_100292"
"id_1459851","id_1066780"
"id_146266","id_213545"
"id_1466292","id_3635553"
"id_1469739","id_952897"
"id_1473955","id_105537"
"id_1475812","id_1145569"
"id_147647","id_101728"
"id_1478302","id_1189182"
"id_1480905","id_1191738"
"id_1489879","id_1205082"
"id_1495058","id_738194"
"id_1497871","id_1121428"
"id_1507795","id_100597"
"id_1510167","id_1002724"
"id_1511912","id_1139955"
"id_1529683","id_134097"
"id_1556372","id_3419597"
"id_1574567","id_1050928"
"id_1575530","id_1065506"
"id_1581892","id_1102949"
"id_1597207","id_2971088"
"id_1614653","id_1025213"
"id_1619524","id_1105143"
"id_1626531","id_1265139"
"id_1637413","id_1074377"
"id_163774","id_160596"
"id_1639376","id_435258"
"id_1642036","id_1092664"
"id_1647346","id_1070167"
"id_1656561","id_338052"
"id_1662623","id_1020238"
"id_1670070","id_1096981"
"id_1680222","id_1079360"
"id_1680948","id_197724"
"id_1690719","id_2314157"
"id_1693949","id_1171179"
"id_1703724","id_1115372"
"id_1711351","id_1358009"
"id_1716638","id_891450"
"id_1720594","id_418213"
"id_1726884","id_1109091"
"id_1731009","id_3203484"
"id_1733812","id_1255263"
"id_1738212","id_110273"
"id_1759787","id_1206873"
"id_1760559","id_1042399"
"id_1776154","id_240713"
"id_1776452","id_1216388"
"id_178107","id_1533555"
"id_1782583","id_1020847"
"id_1789408","id_4616382"
"id_1815316","id_1152929"
"id_1830187","id_1688158"
"id_1838488","id_1023606"
"id_1843898","id_4334954"
"id_185250","id_430255"
"id_18592","id_1319534"
"id_186588","id_1137971"
"id_1872941","id_613885"
"id_1873141","id_1747368"
"id_1886276","id_4589388"
"id_1892813","id_307596"
"id_189371","id_1416300"
"id_1904238","id_1013522"
"id_1909682","id_1009967"
"id_1938393","id_1016873"
"id_1945756","id_1943536"
"id_1948517","id_1015086"
"id_1949167","id_182834"
"id_195369","id_1118084"
"id_1956029","id_1046066"
"id_1958334","id_1255263"
"id_1964053","id_1012488"
"id_197847","id_1196751"
"id_1981253","id_1164773"
"id_1986624","id_1008922"
"id_1988503","id_826959"
"id_2001910","id_1073130"
"id_200422","id_1045307"
"id_2005436","id_1032833"
"id_2010145","id_1049812"
"id_2020166","id_1027943"
"id_2022796","id_1170071"
"id_2023298","id_1020590"
"id_2025250","id_1496072"
"id_2026108","id_1027387"
"id_202837","id_49581"
"id_2030203","id_1072955"
"id_2032077","id_1709814"
"id_2034962","id_1142813"
"id_204078","id_1002482"
"id_2047330","id_1145884"
"id_2050824","id_1003933"
"id_2052956","id_1163015"
"id_2094560","id_3283051"
"id_2097778","id_102125"
"id_2104642","id_1816644"
"id_2122829","id_1297428"
"id_2135773","id_1861963"
"id_2142198","id_103983"
"id_214995","id_2178488"
"id_2156819","id_101290"
"id_216077","id_1059433"
"id_2162572","id_1173474"
"id_2170941","id_1035022"
"id_2181526","id_116579"
"id_2182788","id_1084624"
"id_2187308","id_1024573"
"id_2188909","id_246359"
"id_2200827","id_1489338"
"id_2204177","id_1008890"
"id_2206762","id_4682986"
"id_2211901","id_231086"
"id_2216550","id_160596"
"id_2223087","id_984253"
"id_2225717","id_1021714"
"id_2226959","id_1641243"
"id_2240686","id_2835823"
"id_2243634","id_1031212"
"id_2244791","id_3669037"
"id_2247973","id_891450"
"id_2256239","id_1041876"
"id_2260477","id_1027922"
"id_2266169","id_1040603"
"id_227029","id_106031"
"id_2279296","id_11068"
"id_2300018","id_1001805"
"id_2300398","id_134097"
"id_2310056","id_2846622"
"id_2314742","id_1009905"
"id_23148","id_1106229"
"id_2316364","id_1003737"
"id_2331747","id_2683021"
"id_2336336","id_163776"
"id_2337667","id_1168524"
"id_235294","id_1213794"
"id_2355595","id_1352288"
"id_2356088","id_1105407"
"id_2358610","id_1139552"
"id_2364782","id_251991"
"id_2368961","id_350499"
"id_2373315","id_1969918"
"id_237663","id_1010351"
"id_2380912","id_1000483"
"id_2388680","id_1063996"
"id_2389150","id_100221"
"id_2395600","id_107016"
"id_2397750","id_11795"
"id_2408124","id_109685"
"id_2410777","id_3388616"
"id_2417808","id_1027430"
"id_242278","id_106914"
"id_2437137","id_1347911"
"id_2446006","id_4007790"
"id_2446603","id_430255"
"id_2448810","id_1244614"
"id_246093","id_102498"
"id_2461259","id_3122030"
"id_2463521","id_1013841"
"id_246515","id_1035981"
"id_2470889","id_128752"
"id_2475365","id_4658796"
"id_2477169","id_4128645"
"id_2479176","id_104304"
"id_2499756","id_1099100"
"id_2507440","id_1326035"
"id_2513299","id_1018068"
"id_2513543","id_297409"
"id_2514882","id_1899602"
"id_2516429","id_1846301"
"id_2520715","id_1159524"
"id_2521175","id_1074605"
"id_2522924","id_1196082"
"id_2531396","id_3726558"
"id_2534087","id_1019050"
"id_2540150","id_2316586"
"id_2547179","id_10128"
"id_2557522","id_1155388"
"id_2565547","id_1112745"
"id_2573497","id_1118163"
"id_2574499","id_1229922"
"id_2594367","id_1399583"
"id_2603732","id_1032139"
"id_2611705","id_2209040"
"id_2630291","id_1207072"
"id_2631898","id_1097101"
"id_2631917","id_1033165"
"id_2632232","id_1029774"
"id_2632604","id_1011554"
"id_2635109","id_2565108"
"id_2639905","id_4613322"
"id_2641036","id_1022850"
"id_2642520","id_310821"
"id_2649194","id_4007790"
"id_2677956","id_1966617"
"id_2681452","id_1000602"
"id_2698329","id_1955902"
"id_2701808","id_101114"
"id_2706016","id_3669037"
"id_2708092","id_435258"
"id_2715113","id_1003821"
"id_2717561","id_1075986"
"id_2718394","id_1006046"
"id_2726053","id_1130634"
"id_2737642","id_1931953"
"id_2742870","id_994404"
"id_2747312","id_3099560"
"id_2753972","id_1167270"
"id_275512","id_1005351"
"id_2756036","id_1808065"
"id_2757956","id_1167270"
"id_2770008","id_1024126"
"id_2770527","id_174753"
"id_2781248","id_380733"
"id_2783764","id_1004795"
"id_2788970","id_2920475"
"id_2790379","id_1088776"
"id_2805221","id_1046542"
"id_280679","id_11828"
"id_281412","id_391253"
"id_2822345","id_1056331"
"id_2823136","id_1082693"
"id_2828598","id_1022282"
"id_2829079","id_1533545"
"id_2829981","id_1131644"
"id_2832514","id_1111162"
"id_2840642","id_1816644"
"id_2846569","id_1008693"
"id_2847977","id_1024267"
"id_2862940","id_699994"
"id_2865845","id_1024126"
"id_2867208","id_2021732"
"id_2872408","id_284983"
"id_2876990","id_1287522"
"id_2882599","id_1027045"
"id_288272","id_3784750"
"id_2885383","id_1065579"
"id_2888615","id_1326470"
"id_2893879","id_136702"
"id_2894905","id_757292"
"id_2895581","id_926955"
"id_2902014","id_1015435"
"id_2908570","id_1011550"
"id_2920839","id_258571"
"id_2921826","id_1496072"
"id_2926373","id_1744976"
"id_2944784","id_1085719"
"id_294949","id_131468"
"id_2960312","id_2312115"
"id_2961037","id_1051611"
"id_2982280","id_1171004"
"id_2982810","id_1502489"
"id_2990774","id_1105407"
"id_2994967","id_435258"
"id_2998621","id_1144669"
"id_300495","id_1041070"
"id_3005041","id_1111421"
"id_3009680","id_1317509"
"id_3015019","id_106104"
"id_3016170","id_1503399"
"id_3018382","id_1150834"
"id_3027847","id_578069"
"id_3028303","id_1473759"
"id_303917","id_1457998"
"id_3040176","id_950343"
"id_3049936","id_1326035"
"id_3066180","id_1029970"
"id_3076220","id_1054716"
"id_3077592","id_1059819"
"id_30781","id_305660"
"id_3078335","id_1438429"
"id_3099496","id_287952"
"id_3102256","id_4714173"
"id_3122228","id_1214782"
"id_3124730","id_1074566"
"id_3124797","id_1175009"
"id_3127918","id_134097"
"id_3137850","id_2051355"
"id_3147125","id_1039954"
"id_3149030","id_1104409"
"id_3152525","id_738194"
"id_3155817","id_2892491"
"id_3159576","id_1034187"
"id_3160018","id_1048201"
"id_3163818","id_1271558"
"id_3164339","id_1149201"
"id_3168105","id_132798"
"id_3169252","id_1075120"
"id_3171080","id_3669037"
"id_317823","id_1028910"
"id_3180436","id_1363316"
"id_3192875","id_1525785"
"id_3201627","id_4337036"
"id_3202120","id_1039205"
"id_3219633","id_1027682"
"id_3221272","id_3705941"
"id_3222133","id_578069"
"id_3223584","id_1006533"
"id_3225053","id_1038921"
"id_3225124","id_1007707"
"id_3234141","id_105728"
"id_3235030","id_1017130"
"id_3240373","id_100668"
"id_3240788","id_1078610"
"id_3255083","id_1026063"
"id_3257205","id_1042410"
"id_326179","id_1816644"
"id_3262248","id_1252848"
"id_3264348","id_2192632"
"id_3266655","id_1064108"
"id_3271271","id_1119337"
"id_3273961","id_4027324"
"id_3277455","id_1127631"
"id_3281185","id_578069"
"id_3282277","id_1159884"
"id_3285784","id_1363871"
"id_3287752","id_1123114"
"id_3291955","id_141852"
"id_329458","id_1255263"
"id_329492","id_3614971"
"id_3295389","id_1362974"
"id_3297971","id_4663312"
"id_3300227","id_1079444"
"id_3315908","id_1402407"
"id_3319148","id_106614"
"id_3322506","id_1189200"
"id_3323074","id_1012509"
"id_3323301","id_1015488"
"id_3328137","id_1369798"
"id_3331685","id_1107311"
"id_3366751","id_4669060"
"id_339078","id_2463229"
"id_3401619","id_1229985"
"id_3405888","id_2084169"
"id_34063","id_103470"
"id_3408568","id_1950713"
"id_3408724","id_1010637"
"id_3413608","id_1043131"
"id_3414046","id_1015086"
"id_3420757","id_578069"
"id_3421641","id_12339"
"id_3422855","id_4302553"
"id_3428598","id_1186115"
"id_34337","id_1369798"
"id_3436056","id_1010580"
"id_3442583","id_1244614"
"id_3447722","id_4733007"
"id_3449937","id_2519917"
"id_3464345","id_1334043"
"id_3482688","id_1011037"
"id_3483293","id_1070604"
"id_3492677","id_1351930"
"id_3518126","id_22768"
"id_3523757","id_1692650"
"id_3527635","id_103317"
"id_3534899","id_1018924"
"id_3540976","id_1058124"
"id_3544782","id_1011317"
"id_3547647","id_4669060"
"id_3548706","id_1152737"
"id_3550954","id_1746288"
"id_3553185","id_103544"
"id_3563940","id_1077905"
"id_3564153","id_1373729"
"id_3577878","id_1066269"
"id_3586955","id_1029420"
"id_3592957","id_1015306"
"id_3601230","id_1093780"
"id_3602478","id_637633"
"id_3603291","id_4736039"
"id_3603639","id_2237585"
"id_3609048","id_1206756"
"id_360925","id_1224885"
"id_3615792","id_1200186"
"id_3617665","id_1255263"
"id_3619865","id_1014162"
"id_362851","id_1121796"
"id_3641551","id_578069"
"id_3645817","id_1098730"
"id_364677","id_1228834"
"id_3651365","id_106642"
"id_3658125","id_1037845"
"id_366410","id_2960342"
"id_3665374","id_1009519"
"id_3665616","id_1058103"
"id_3675464","id_1039997"
"id_3676100","id_1949629"
"id_3692061","id_1009261"
"id_3694342","id_1040230"
"id_3695378","id_11628"
"id_3702173","id_1024650"
"id_3702618","id_1001437"
"id_3729338","id_4345946"
"id_3730497","id_1062823"
"id_3744437","id_1244614"
"id_3745431","id_1008699"
"id_3753330","id_1011766"
"id_3758055","id_1064959"
"id_3782578","id_1368510"
"id_3802870","id_2028587"
"id_3803702","id_1000385"
"id_3805101","id_1003931"
"id_3809198","id_578069"
"id_381866","id_1093355"
"id_3832507","id_1036110"
"id_3833920","id_1584766"
"id_3834511","id_1231383"
"id_384580","id_1189050"
"id_3846959","id_4352582"
"id_3852449","id_192366"
"id_3859681","id_995528"
"id_3861248","id_314315"
"id_386195","id_1362974"
"id_3881146","id_2281479"
"id_3895021","id_2046729"
"id_3905372","id_2698911"
"id_3919377","id_3726558"
"id_3919724","id_1028530"
"id_39349","id_4733007"
"id_3938488","id_1255263"
"id_3940473","id_4040451"
"id_3947245","id_1054890"
"id_3954395","id_101134"
"id_3958216","id_1045623"
"id_3959811","id_102744"
"id_3962203","id_1088626"
"id_3968059","id_108100"
"id_3987198","id_4266691"
"id_3990015","id_578069"
"id_3990872","id_4352582"
"id_3995881","id_107044"
"id_4022711","id_102050"
"id_4033268","id_231048"
"id_4062898","id_758569"
"id_4068607","id_1636526"
"id_408958","id_1012819"
"id_4090601","id_3726558"
"id_4098127","id_1127312"
"id_4100266","id_3726558"
"id_4104594","id_1003473"
"id_4106672","id_1035117"
"id_4109057","id_1142272"
"id_4120583","id_1125838"
"id_4139390","id_1050533"
"id_4141158","id_1013209"
"id_4145148","id_1354170"
"id_4162095","id_2750583"
"id_416591","id_1027677"
"id_418121","id_1698358"
"id_4181697","id_1255263"
"id_4185541","id_501600"
"id_419063","id_1143830"
"id_4194389","id_1031682"
"id_4196105","id_2056729"
"id_4197215","id_1837401"
"id_4199453","id_1008453"
"id_4206976","id_1030620"
"id_4226741","id_178536"
"id_4228171","id_222562"
"id_422898","id_1182091"
"id_4230074","id_1078143"
"id_4234051","id_1013448"
"id_4250079","id_1020425"
"id_4257772","id_1001619"
"id_4257940","id_1041324"
"id_4263104","id_1180989"
"id_427675","id_1031630"
"id_4282406","id_1081722"
"id_4290606","id_1062244"
"id_4296080","id_1005359"
"id_4297111","id_1005939"
"id_4302335","id_238631"
"id_43104","id_1071048"
"id_4321871","id_4266691"
"id_4326525","id_1344874"
"id_432839","id_1025998"
"id_4333764","id_40077"
"id_433970","id_4302553"
"id_4353002","id_1292365"
"id_4356110","id_1179416"
"id_4358107","id_1138282"
"id_4362863","id_3773325"
"id_4368266","id_1004101"
"id_4368508","id_4182415"
"id_4370853","id_2109576"
"id_4375531","id_1012257"
"id_4395006","id_784637"
"id_4395115","id_2009135"
"id_4403190","id_10181"
"id_4407124","id_3383519"
"id_4413445","id_4377770"
"id_4414907","id_1182267"
"id_4415055","id_1938553"
"id_4416176","id_1033659"
"id_4419247","id_338707"
"id_4426419","id_1081154"
"id_444276","id_1375699"
"id_4447328","id_307596"
"id_4451156","id_1259879"
"id_4467495","id_2903654"
"id_4473287","id_2683033"
"id_4475865","id_462785"
"id_4476769","id_1026298"
"id_4481420","id_404134"
"id_4484285","id_102589"
"id_448757","id_1001321"
"id_4493673","id_1070103"
"id_4513237","id_2072181"
"id_4526408","id_1468753"
"id_4527288","id_1669822"
"id_4529254","id_1076071"
"id_4539790","id_1063916"
"id_4541827","id_106468"
"id_4544366","id_1149929"
"id_4547738","id_402732"
"id_4548672","id_4136221"
"id_45535","id_1255263"
"id_4558595","id_601668"
"id_4568258","id_1011217"
"id_4578605","id_2015909"
"id_457916","id_1710850"
"id_4583801","id_4302553"
"id_4586810","id_1707354"
"id_4597719","id_1006428"
"id_460847","id_1451942"
"id_4624256","id_2278975"
"id_4636578","id_1095983"
"id_4657086","id_463097"
"id_4658776","id_1204149"
"id_4664604","id_1027283"
"id_4666145","id_286911"
"id_4669581","id_826959"
"id_4670918","id_1021932"
"id_4677151","id_3087044"
"id_4682789","id_1018066"
"id_4683757","id_1011037"
"id_4690450","id_390913"
"id_4692304","id_4044406"
"id_4694151","id_1066269"
"id_4695735","id_1991874"
"id_4703400","id_1873449"
"id_4709962","id_834910"
"id_4718699","id_1014929"
"id_4725195","id_2141915"
"id_4731327","id_2281479"
"id_4738036","id_1027838"
"id_4746576","id_1172776"
"id_4747984","id_1014067"
"id_4750199","id_3762339"
"id_4753049","id_1186231"
"id_488291","id_1344237"
"id_488722","id_1525785"
"id_498752","id_1094539"
"id_521722","id_3710"
"id_524631","id_1054051"
"id_53451","id_1024388"
"id_541775","id_1010325"
"id_566881","id_1313302"
"id_572694","id_255034"
"id_573965","id_382935"
"id_575253","id_458938"
"id_576382","id_1155388"
"id_579236","id_3225082"
"id_579598","id_1043663"
"id_583838","id_1049704"
"id_588452","id_1047720"
"id_592369","id_1873449"
"id_592902","id_1023514"
"id_599359","id_1063836"
"id_605662","id_1244614"
"id_611479","id_1152782"
"id_613795","id_1099813"
"id_62511","id_1008684"
"id_630623","id_1369798"
"id_631455","id_1203723"
"id_633024","id_1382074"
"id_642622","id_1007491"
"id_662210","id_4005287"
"id_66299","id_1334043"
"id_663111","id_144375"
"id_664673","id_1207008"
"id_665757","id_3675198"
"id_681995","id_1044955"
"id_71299","id_1309691"
"id_716455","id_1008661"
"id_729351","id_2791711"
"id_731159","id_1061367"
"id_732865","id_1344762"
"id_744696","id_1030880"
"id_750118","id_364845"
"id_7559","id_1816644"
"id_780432","id_3198141"
"id_799704","id_1003104"
"id_801879","id_1026443"
"id_802060","id_1924959"
"id_80250","id_105811"
"id_802517","id_426669"
"id_808398","id_1071622"
"id_813242","id_1027031"
"id_833563","id_1032256"
"id_834380","id_1060858"
"id_846124","id_1001943"
"id_855141","id_1140075"
"id_863406","id_57806"
"id_868636","id_1053614"
"id_873504","id_1002172"
"id_881314","id_114066"
"id_881470","id_1255263"
"id_885733","id_1005527"
"id_896479","id_3099560"
"id_89780","id_675386"
"id_903046","id_1021597"
"id_911558","id_1036340"
"id_917255","id_1001443"
"id_928790","id_437355"
"id_931734","id_1120351"
"id_93245","id_1074080"
"id_936211","id_1183409"
"id_959283","id_454471"
"id_961851","id_105477"
"id_963941","id_1811958"
"id_971432","id_1016644"
"id_973836","id_2619408"
"id_978126","id_100602"
"id_986143","id_160596"
"id_98656","id_2338064"
"id_987371","id_2281479"
"id_991695","id_1145775"
